#Lane	Barcode	Population	Sample	PopulationID	PlatePosition		
SRR30282941	TGACACC	P01	ROW-04-22	1	A01		Notes
SRR30282940	CTCACT	P01	ROW-05-22	1	A02		DO NOT modify the column titles in the header line
SRR30282944	CTCCTTA	P01	ROW-03-22	1	A03		DO NOT modify the order of the first six columns
SRR30282934	TTCGAGG	P01	ROW-09-22	1	A04		DO NOT modify the plate position format (A01, not A1)
SRR30263909	GGTAACG	P01	ROW-3	1	A05		"DO NOT use underscores ""_"" in Population, Sample or PopulationID columns"
SRR30282928	CTAGGT	P01	ROW-12-22	1	A06		The PopulationID column can contain text (eg: the same as the Population column)
SRR30282936	CGCCAT	P01	ROW-08-22	1	A07		
SRR30282938	CCGTGAA	P01	ROW-07-22	1	A08		
SRR30283168	TACAAC	P01	ROW-19-22	1	A09		
SRR30282924	ACCACCA	P01	ROW-14-22	1	A10		
SRR30282946	TACCGTAG	P01	ROW-01-22	1	A11		
SRR30282922	CACCATG	P01	ROW-16-22	1	A12		
SRR30282939	GTAGTC	P01	ROW-06-22	1	B01		
SRR30282945	ACGAGAGA	P01	ROW-02-22	1	B02		
SRR30263911	CATGTCT	P01	ROW-1	1	B03		
SRR30282930	TGATCCG	P01	ROW-11-22	1	B04		
SRR30263910	GGTGCAT	P01	ROW-2	1	B05		
SRR30283169	GTCGGA	P01	ROW-18-22	1	B06		
SRR30283171	GAGTG	P01	ROW-17-22	1	B07		
SRR30263904	GGACGT	P01	ROW-7	1	B08		
SRR30264702	GTAGCCTA	P01	ROW-11	1	B09		
SRR30277028	TGTGTT	P01	BB-4-22	1	B10		
SRR30277437	GTTGTGG	P01	BB-6-22	1	B11		
SRR30277449	CGTTGC	P01	BB-5-22	1	B12		
SRR30277087	TGCTTCCA	P01	BB-1-22	1	C01		
SRR30277186	CATACCAC	P01	BB-7-22	1	C02		
SRR30283160	TTAGA	P01	SC-1-22	1	C03		
SRR30264690	GAATCGTG	P01	SC-4	1	C04		
SRR30264693	CCTATGG	P01	SC-1	1	C05		
SRR30264691	CTCTT	P01	SC-3	1	C06		
SRR30283164	ATCTG	P01	SC-05-22	1	C07		
SRR30285075	ATACGC	P01	ST-2-212	1	C08		
SRR30284907	TCGAACCT	P01	ST-05-22	1	C09		
SRR30285137	ATCGCTT	P01	ST-09-22	1	C10		
SRR30285134	TCAAGC	P01	ST-10-22	1	C11		
SRR30285139	AGTCTTCG	P01	ST-07-22	1	C12		
SRR30284911	CACCTTAC	P01	ST-02-22	1	D01		
SRR30284906	CCTAGA	P01	ST-06-22	1	D02		
SRR30285070	TCCGTCT	P01	ST-23-22	1	D03		
SRR30285138	AATGGACG	P01	ST-08-22	1	D04		
SRR30284908	CATGAAG	P01	ST-04-22	1	D05		
SRR30285133	GACGTG	P01	ST-11-22	1	D06		
SRR30264410	CGGAACA	P01	ST-14	1	D07		
SRR30284913	TAGCGA	P01	ST-01-22	1	D08		
SRR30285064	CTCGACTT	P01	ST-27-22	1	D09		
SRR30263873	AGTAGGCA	P01	ST-6	1	D10		
SRR30264415	GAGAGT	P01	ST-10	1	D11		
SRR30285071	GTGTTAC	P01	ST-22-22	1	D12		
SRR30264409	ATGCGCTA	P01	ST-15	1	E01		
SRR30285069	GTTGCT	P01	ST-24-22	1	E02		
SRR30285126	CTCGTAAG	P01	ST-18-22	1	E03		
SRR30264411	GGAATACG	P01	ST-13	1	E04		
SRR30264406	AGATTGG	P01	ST-18	1	E05		
SRR30285068	TGTGCGTT	P01	ST-25-22	1	E06		
SRR30285129	TTGGTGAG	P01	ST-15-22	1	E07		
SRR30264400	TGAGCTAG	P01	ST-23	1	E08		
SRR30263871	CGACTTG	P01	ST-8	1	E09		
SRR30277796	TGAGTGGA	P01	FC5-15-22	1	E10		
SRR30277240	GCTTCA	P01	FC5-01-22	1	E11		
SRR30277236	AAGGTTC	P01	FC5-04-22	1	E12		
SRR30277230	AAGGCGTT	P01	FC5-10-22	1	F01		
SRR30277237	TACGACC	P01	FC5-03-22	1	F02		
SRR30277235	GGTCT	P01	FC5-05-22	1	F03		
SRR30277238	GTTCGAG	P01	FC5-02-22	1	F04		
SRR30264491	CCATC	P01	FC5-13	1	F05		
SRR30264018	GAGCA	P01	FC5-4	1	F06		
SRR30264489	TGGATG	P01	FC5-14	1	F07		
SRR30277793	AAGCTA	P01	FC5-18-22	1	F08		
SRR30264015	CGAATG	P01	FC5-7	1	F09		
SRR30264017	TATTCCGG	P01	FC5-5	1	F10		
SRR30264485	AGTGA	P01	FC5-18	1	F11		
SRR30277655	TCCGA	P01	FC5-27-22	1	F12		
SRR30264006	GGACAT	P01	FC5-30	1	G01		
SRR30277785	TGGCT	P01	FC5-25-22	1	G02		
SRR30277784	GCGCATA	P01	FC5-26-22	1	G03		
SRR30277233	ATGTCGA	P01	FC5-07-22	1	G04		
SRR30264494	GCGATAGT	P01	FC5-10	1	G05		
SRR30264495	ATGCATGG	P01	FC5-9	1	G06		
SRR30277798	GTAGT	P01	FC5-13-22	1	G07		
SRR30277654	GACGTT	P01	FC5-28-22	1	G08		
SRR30277795	CCTCATCT	P01	FC5-16-22	1	G09		
SRR30276984	TGTGTGT	P01	FC1-01-22	1	G10		
SRR30277549	GATAGGCT	P01	FC1-27-22	1	G11		
SRR30277628	TGTTAGGC	P01	FC1-10-22	1	G12		
SRR30277681	TGCAACAC	P01	FC1-18-22	1	H01		
SRR30277924	TAGCCA	P01	FC1-08-22	1	H02		
SRR30277695	GCCACA	P01	FC1-14-22	1	H03		
SRR30277905	AGCAATG	P01	FC1-11-22	1	H04		
SRR30277883	AGGAGT	P01	FC1-12-22	1	H05		
SRR30277751	GATACGT	P01	FC1-05-22	1	H06		
SRR30277124	ATCGTA	P01	FC1-06-22	1	H07		
SRR30277341	TGAGAC	P01	FC1-15-22	1	H08		
SRR30277752	CATGAGGT	P01	FC1-03-22	1	H09		
SRR30277663	ATCCT	P01	FC1-26-22	1	H10		
SRR30277845	ACTTGT	P01	FC1-20-22	1	H11		
SRR30277568	GAAGTTG	P01	FC1-24-22	1	H12		
SRR30277311	TACAAC	P01	FC1-19-22	1	A01		
SRR30277286	ACCACCA	P01	FC1-23-22	1	A02		
SRR30277814	TACCGTAG	P01	FC1-25-22	1	A03		
SRR30277822	GTAGCCTA	P01	FC1-21-22	1	A04		
SRR30277239	TGTGTT	P01	FC1-28-22	1	A05		
SRR30277616	GTTGTGG	P01	FC1-17-22	1	A06		
SRR30264496	TCGAACCT	P01	FC1-4	1	A07		
SRR30277930	ATCGCTT	P01	FC1-07-22	1	A08		
SRR30277659	TCAAGC	P01	FC18-13-22	1	A09		
SRR30277242	CTCGACTT	P01	FC18-47-22	1	A10		
SRR30277254	AGTAGGCA	P01	FC18-36-22	1	A11		
SRR30277562	GAGAGT	P01	FC18-18-22	1	A12		
SRR30277557	CGACTTG	P01	FC18-22-22	1	B01		
SRR30277251	TGAGTGGA	P01	FC18-39-22	1	B02		
SRR30277253	GCTTCA	P01	FC18-37-22	1	B03		
SRR30277256	CGAATG	P01	FC18-34-22	1	B04		
SRR30277558	TATTCCGG	P01	FC18-21-22	1	B05		
SRR30277556	AGTGA	P01	FC18-23-22	1	B06		
SRR30277671	CCTCATCT	P01	FC18-03-22	1	B07		
SRR30277669	TGTGTGT	P01	FC18-05-22	1	B08		
SRR30277563	GATAGGCT	P01	FC18-17-22	1	B09		
SRR30277656	CATGAGGT	P01	FC18-16-22	1	B10		
SRR30277554	ATCCT	P01	FC18-25-22	1	B11		
SRR30277661	ACTTGT	P01	FC18-11-22	1	B12		
SRR30277561	TGACACC	P01	FC18-19-22	1	C01		
SRR30277258	CTCACT	P01	FC18-32-22	1	C02		
SRR30277666	CTCCTTA	P01	FC18-08-22	1	C03		
SRR30277667	TTCGAGG	P01	FC18-07-22	1	C04		
SRR30277658	GGTAACG	P01	FC18-14-22	1	C05		
SRR30277259	CTAGGT	P01	FC18-31-22	1	C06		
SRR30277553	CGCCAT	P01	FC18-26-22	1	C07		
SRR30277550	CCGTGAA	P01	FC18-29-22	1	C08		
SRR30277548	TACAAC	P01	FC18-30-22	1	C09		
SRR30277660	ACCACCA	P01	FC18-12-22	1	C10		
SRR30277668	TACCGTAG	P01	FC18-06-22	1	C11		
SRR30277657	CACCATG	P01	FC18-15-22	1	C12		
SRR30277559	GTAGTC	P01	FC18-20-22	1	D01		
SRR30277247	ACGAGAGA	P01	FC18-42-22	1	D02		
SRR30277526	CATGTCT	P01	FC12-70-22	1	D03		
SRR30277110	TGATCCG	P01	FC12-55-22	1	D04		
SRR30277108	GGTGCAT	P01	FC12-57-22	1	D05		
SRR30264668	GTCGGA	P01	FC12-9	1	D06		
SRR30277107	GAGTG	P01	FC12-58-22	1	D07		
SRR30264286	GGACGT	P01	FC12-42	1	D08		
SRR30264090	GTAGCCTA	P01	FC12-45	1	D09		
SRR30277086	TGTGTT	P01	FC12-91-22	1	D10		
SRR30277519	GTTGTGG	P01	FC12-76-22	1	D11		
SRR30264644	CGTTGC	P01	FC12-14	1	D12		
SRR30263847	TGCTTCCA	P01	FC12-15	1	E01		
SRR30264262	CATACCAC	P01	FC12-47	1	E02		
SRR30277106	TTAGA	P01	FC12-59-22	1	E03		
SRR30264148	GAATCGTG	P01	FC12-11	1	E04		
SRR30264334	CCTATGG	P01	FC12-29	1	E05		
SRR30277111	CTCTT	P01	FC12-54-22	1	E06		
SRR30264323	ATCTG	P01	FC12-30	1	E07		
SRR30277529	ATACGC	P01	FC12-67-22	1	E08		
SRR30277531	TCGAACCT	P01	FC12-65-22	1	E09		
SRR30264570	ATCGCTT	P01	FC12-38	1	E10		
SRR30277527	TCAAGC	P01	FC12-69-22	1	E11		
SRR30277789	AGTCTTCG	P01	FC12-100-22	1	E12		
SRR30263779	CACCTTAC	P01	FC12-50	1	F01		
SRR30263794	CCTAGA	P01	FC12-40	1	F02		
SRR30264600	TCCGTCT	P01	FC12-31	1	F03		
SRR30263808	AATGGACG	P01	FC12-33	1	F04		
SRR30264117	CATGAAG	P01	FC12-21	1	F05		
SRR30277085	GACGTG	P01	FC12-92-22	1	F06		
SRR30264675	CGGAACA	P01	FC12-4	1	F07		
SRR30264617	TAGCGA	P01	FC12-28	1	F08		
SRR30277112	CTCGACTT	P01	FC12-53-22	1	F09		
SRR30264293	AGTAGGCA	P01	FC12-37	1	F10		
SRR30264637	GAGAGT	P01	FC12-19	1	F11		
SRR30277083	GTGTTAC	P01	FC12-94-22	1	F12		
SRR30263823	ATGCGCTA	P01	FC12-23	1	G01		
SRR30277109	GTTGCT	P01	FC12-56-22	1	G02		
SRR30264535	CTCGTAAG	P01	FC12-44	1	G03		
SRR30264104	GGAATACG	P01	FC12-25	1	G04		
SRR30263834	AGATTGG	P01	FC12-22	1	G05		
SRR30263861	TGTGCGTT	P01	FC12-8	1	G06		
SRR30277528	TTGGTGAG	P01	FC12-68-22	1	G07		
SRR30277103	TGAGCTAG	P01	FC12-61-22	1	G08		
SRR30264357	CGACTTG	P01	FC12-24	1	G09		
SRR30277522	TGAGTGGA	P01	FC12-73-22	1	G10		
SRR30277090	GCTTCA	P01	FC12-88-22	1	G11		
SRR30264382	AAGGTTC	P01	FC12-16	1	G12		
SRR30264384	AAGGCGTT	P01	FC12-13	1	H01		
SRR30277933	TACGACC	P01	FC17b-44-22	1	H02		
SRR30277726	GGTCT	P01	FC17b-57-22	1	H03		
SRR30277735	GTTCGAG	P01	FC17b-49-22	1	H04		
SRR30263751	CCATC	P01	FC17b-2	1	H05		
SRR30264215	GAGCA	P01	FC17b-22	1	H06		
SRR30277736	TGGATG	P01	FC17b-19-22	1	H07		
SRR30264499	AAGCTA	P01	FC17b-42	1	H08		
SRR30263742	CGAATG	P01	FC17b-10	1	H09		
SRR30263750	TATTCCGG	P01	FC17b-3	1	H10		
SRR30264023	AGTGA	P01	FC17b-50	1	H11		
SRR30263748	TCCGA	P01	FC17b-4	1	H12		
SRR30277724	GGACAT	P01	FC17b-59-22	1	A01		
SRR30264218	TGGCT	P01	FC17b-19	1	A02		
SRR30277374	GCGCATA	P01	FC17b-03-22	1	A03		
SRR30264503	ATGTCGA	P01	FC17b-38	1	A04		
SRR30263745	GCGATAGT	P01	FC17b-7	1	A05		
SRR30264500	ATGCATGG	P01	FC17b-41	1	A06		
SRR30264219	GTAGT	P01	FC17b-18	1	A07		
SRR30264024	GACGTT	P01	FC17b-49	1	A08		
SRR30264505	CCTCATCT	P01	FC17b-36	1	A09		
SRR30264510	TGTGTGT	P01	FC17b-32	1	A10		
SRR30277750	GATAGGCT	P01	FC17b-06-22	1	A11		
SRR30263744	TGTTAGGC	P01	FC17b-8	1	A12		
SRR30263747	TGCAACAC	P01	FC17b-5	1	B01		
SRR30277375	TAGCCA	P01	FC17b-02-22	1	B02		
SRR30277749	GCCACA	P01	FC17b-07-22	1	B03		
SRR30277131	AGCAATG	P01	FC17b-20-22	1	B04		
SRR30264027	AGGAGT	P01	FC17b-46	1	B05		
SRR30277928	GATACGT	P01	FC17b-48-22	1	B06		
SRR30263741	ATCGTA	P01	FC17b-11	1	B07		
SRR30264216	TGAGAC	P01	FC17b-21	1	B08		
SRR30277120	CATGAGGT	P01	FC17b-30-22	1	B09		
SRR30264029	ATCCT	P01	FC17b-44	1	B10		
SRR30277533	ACTTGT	P01	FC8-18-22	1	B11		
SRR30277642	GAAGTTG	P01	FC8-07-22	1	B12		
SRR30277532	TACAAC	P01	FC8-19-22	1	C01		
SRR30277641	ACCACCA	P01	FC8-08-22	1	C02		
SRR30277543	TACCGTAG	P01	FC8-12-22	1	C03		
SRR30277643	GTAGCCTA	P01	FC8-06-22	1	C04		
SRR30277537	TGTGTT	P01	FC8-16-22	1	C05		
SRR30277640	GTTGTGG	P01	FC8-09-22	1	C06		
SRR30277542	TCGAACCT	P01	FC8-13-22	1	C07		
SRR30277644	ATCGCTT	P01	FC8-05-22	1	C08		
SRR30277639	TCAAGC	P01	FC8-20-22	1	C09		
SRR30277540	CTCGACTT	P01	FC8-14-22	1	C10		
SRR30277648	AGTAGGCA	P01	FC8-02-22	1	C11		
SRR30264467	GAGAGT	P01	FC8-19	1	C12		
SRR30264468	CGACTTG	P01	FC8-18	1	D01		
SRR30277647	TGAGTGGA	P01	FC8-03-22	1	D02		
SRR30277651	GCTTCA	P01	FC8-01-22	1	D03		
SRR30263999	CGAATG	P01	FC8-6	1	D04		
SRR30264464	TATTCCGG	P01	FC8-22	1	D05		
SRR30277544	AGTGA	P01	FC8-11-22	1	D06		
SRR30277546	CCTCATCT	P01	FC8-10-22	1	D07		
SRR30277538	TGTGTGT	P01	FC8-15-22	1	D08		
SRR30282707	GATAGGCT	P01	SHD-35-22	1	D09		
SRR30282698	CATGAGGT	P01	SHD-42-22	1	D10		
SRR30282704	ATCCT	P01	SHD-38-22	1	D11		
SRR30282721	ACTTGT	P01	SHD-22-22	1	D12		
SRR30264160	TGACACC	P01	SHD-14	1	E01		
SRR30263888	CTCACT	P01	SHD-29	1	E02		
SRR30282724	CTCCTTA	P01	SHD-20-22	1	E03		
SRR30282697	TTCGAGG	P01	SHD-43-22	1	E04		
SRR30264161	GGTAACG	P01	SHD-13	1	E05		
SRR30264164	CTAGGT	P01	SHD-11	1	E06		
SRR30282705	CGCCAT	P01	SHD-37-22	1	E07		
SRR30283135	CCGTGAA	P01	SHD-65-22	1	E08		
SRR30283151	TACAAC	P01	SHD-08-22	1	E09		
SRR30282702	ACCACCA	P01	SHD-40-22	1	E10		
SRR30282685	TACCGTAG	P01	SHD-54-22	1	E11		
SRR30283147	CACCATG	P01	SHD-11-22	1	E12		
SRR30264159	GTAGTC	P01	SHD-15	1	F01		
SRR30282708	ACGAGAGA	P01	SHD-34-22	1	F02		
SRR30264167	CATGTCT	P01	SHD-8	1	F03		
SRR30283136	TGATCCG	P01	SHD-64-22	1	F04		
SRR30283130	GGTGCAT	P01	SHD-70-22	1	F05		
SRR30283133	GTCGGA	P01	SHD-67-22	1	F06		
SRR30263883	GAGTG	P01	SHD-47	1	F07		
SRR30264158	GGACGT	P01	SHD-16	1	F08		
SRR30283152	GTAGCCTA	P01	SHD-07-22	1	F09		
SRR30264679	TGTGTT	P01	SHD-39	1	F10		
SRR30264682	GTTGTGG	P01	SHD-36	1	F11		
SRR30263881	CGTTGC	P01	SHD-49	1	F12		
SRR30283149	TGCTTCCA	P01	SHD-10-22	1	G01		
SRR30283155	CATACCAC	P01	SHD-04-22	1	G02		
SRR30283157	TTAGA	P01	SHD-02-22	1	G03		
SRR30264172	GAATCGTG	P01	SHD-3	1	G04		
SRR30282709	CCTATGG	P01	SHD-33-22	1	G05		
SRR30264678	CTCTT	P01	SHD-40	1	G06		
SRR30264677	ATCTG	P01	SHD-41	1	G07		
SRR30282691	ATACGC	P01	SHD-49-22	1	G08		
SRR30282711	TCGAACCT	P01	SHD-31-22	1	G09		
SRR30264162	ATCGCTT	P01	SHD-12	1	G10		
SRR30263893	TCAAGC	P01	SHD-24	1	G11		
SRR30264170	AGTCTTCG	P01	SHD-5	1	G12		
SRR30282703	CACCTTAC	P01	SHD-39-22	1	H01		
SRR30264689	CCTAGA	P01	SHD-1	1	H02		
SRR30263892	TCCGTCT	P01	SHD-25	1	H03		
SRR30264674	AATGGACG	P01	SHD-42	1	H04		
SRR30283154	CATGAAG	P01	SHD-05-22	1	H05		
SRR30264166	GACGTG	P01	SHD-9	1	H06		
SRR30282680	CGGAACA	P01	SHD-59-22	1	H07		
SRR30282695	TAGCGA	P01	SHD-45-22	1	H08		
SRR30283144	CTCGACTT	P01	SHD-14-22	1	H09		
SRR30264168	AGTAGGCA	P01	SHD-7	1	H10		
SRR30263894	GAGAGT	P01	SHD-23	1	H11		
SRR30283156	GTGTTAC	P01	SHD-03-22	1	H12		
SRR30264169	ATGCGCTA	P01	SHD-6	1	A01		
SRR30264171	GTTGCT	P01	SHD-4	1	A02		
SRR30264672	CTCGTAAG	P01	SHD-44	1	A03		
SRR30282683	GGAATACG	P01	SHD-56-22	1	A04		
SRR30264173	AGATTGG	P01	SHD-2	1	A05		
SRR30283141	TGTGCGTT	P01	SHD-17-22	1	A06		
SRR30282699	TTGGTGAG	P01	SHD-41-22	1	A07		
SRR30282690	TGAGCTAG	P01	SHD-50-22	1	A08		
SRR30283132	CGACTTG	P01	SHD-68-22	1	A09		
SRR30264673	TGAGTGGA	P01	SHD-43	1	A10		
SRR30283145	GCTTCA	P01	SHD-13-22	1	A11		
SRR30283131	AAGGTTC	P01	SHD-69-22	1	A12		
SRR30264681	AAGGCGTT	P01	SHD-37	1	B01		
SRR30282713	TACGACC	P01	SHD-30-22	1	B02		
SRR30283153	GGTCT	P01	SHD-06-22	1	B03		
SRR30282706	GTTCGAG	P01	SHD-36-22	1	B04		
SRR30263895	CCATC	P01	SHD-22	1	B05		
SRR30282722	GAGCA	P01	SHD-21-22	1	B06		
SRR30263897	TGGATG	P01	SHD-21	1	B07		
SRR30264165	AAGCTA	P01	SHD-10	1	B08		
SRR30282715	CGAATG	P01	SHD-28-22	1	B09		
SRR30283139	TATTCCGG	P01	SHD-61-22	1	B10		
SRR30283140	AGTGA	P01	SHD-18-22	1	B11		
SRR30282710	TCCGA	P01	SHD-32-22	1	B12		
SRR30282714	GGACAT	P01	SHD-29-22	1	C01		
SRR30263860	TGGCT	P01	TB-2	1	C02		
SRR30263854	GCGCATA	P01	TB-8	1	C03		
SRR30263856	ATGTCGA	P01	TB-6	1	C04		
SRR30263858	GCGATAGT	P01	TB-4	1	C05		
SRR30263855	ATGCATGG	P01	TB-7	1	C06		
SRR30263859	GTAGT	P01	TB-3	1	C07		
SRR30263862	GACGTT	P01	TB-1	1	C08		
SRR30264670	CCTCATCT	P01	TB-10	1	C09		
SRR30264669	TGTGTGT	P01	TB-11	1	C10		
SRR30263857	GATAGGCT	P01	TB-5	1	C11		
SRR30264457	TGTTAGGC	P01	HO1-27	1	C12		
SRR30282622	TGCAACAC	P01	HO1-10-22	1	D01		
SRR30263982	TAGCCA	P01	HO1-21	1	D02		
SRR30282633	GCCACA	P01	HO1-09-22	1	D03		
SRR30282701	AGCAATG	P01	HO1-03-22	1	D04		
SRR30264456	AGGAGT	P01	HO1-28	1	D05		
SRR30283007	GATACGT	P01	HO1-01-22	1	D06		
SRR30264460	ATCGTA	P01	HO1-24	1	D07		
SRR30263993	TGAGAC	P01	HO1-11	1	D08		
SRR30263994	CATGAGGT	P01	HO1-10	1	D09		
SRR30264458	ATCCT	P01	HO1-26	1	D10		
SRR30282883	ACTTGT	P01	HO1-11-22	1	D11		
SRR30282895	GAAGTTG	P01	HO1-07-22	1	D12		
SRR30282917	TACAAC	P01	HO1-05-22	1	E01		
SRR30282960	ACCACCA	P01	HO1-02-22	1	E02		
SRR30263985	TACCGTAG	P01	HO1-18	1	E03		
SRR30282644	GTAGCCTA	P01	HO1-08-22	1	E04		
SRR30264454	TGTGTT	P01	HO1-30	1	E05		
SRR30282610	GTTGTGG	P01	HO2-03-22	1	E06		
SRR30283443	TCGAACCT	P01	HO2-11-22	1	E07		
SRR30282872	ATCGCTT	P01	HO2-01-22	1	E08		
SRR30283351	TCAAGC	P01	HO2-09-22	1	E09		
SRR30264445	CTCGACTT	P01	HO2-22	1	E10		
SRR30283454	AGTAGGCA	P01	HO2-10-22	1	E11		
SRR30264444	GAGAGT	P01	HO2-23	1	E12		
SRR30283365	CGACTTG	P01	HO2-02-22	1	F01		
SRR30263977	TGAGTGGA	P01	HO2-9	1	F02		
SRR30282846	GCTTCA	P01	HO2-12-22	1	F03		
SRR30263968	CGAATG	P01	HO2-17	1	F04		
SRR30264442	TATTCCGG	P01	HO2-24	1	F05		
SRR30264437	AGTGA	P01	HO2-29	1	F06		
SRR30263975	CCTCATCT	P01	HO2-11	1	F07		
SRR30263976	TGTGTGT	P01	HO2-10	1	F08		
SRR30263969	GATAGGCT	P01	HO2-16	1	F09		
SRR30264441	CATGAGGT	P01	HO2-25	1	F10		
SRR30283173	ATCCT	P01	PR-02-22	1	F11		
SRR30282951	ACTTGT	P01	PR-05-22	1	F12		
SRR30283172	TGACACC	P01	PR-03-22	1	G01		
SRR30282952	CTCACT	P01	PR-04-22	1	G02		
SRR30263912	CTCCTTA	P01	PR-30	1	G03		
SRR30263918	TTCGAGG	P01	PR-10	1	G04		
SRR30263919	GGTAACG	P01	PR-9	1	G05		
SRR30263914	CTAGGT	P01	PR-28	1	G06		
SRR30264423	CGCCAT	P01	PR-18	1	G07		
SRR30263916	CCGTGAA	P01	PR-26	1	G08		
SRR30264422	TACAAC	P01	PR-19	1	G09		
SRR30264420	ACCACCA	P01	PR-21	1	G10		
SRR30263924	TACCGTAG	P01	PR-4	1	G11		
SRR30264429	CACCATG	P01	PR-13	1	G12		
SRR30264427	GTAGTC	P01	PR-14	1	H01		
SRR30264421	ACGAGAGA	P01	PR-20	1	H02		
SRR30264430	CATGTCT	P01	PR-12	1	H03		
SRR30264424	TGATCCG	P01	PR-17	1	H04		
SRR30264431	GGTGCAT	P01	PR-11	1	H05		
SRR30283174	GTCGGA	P01	PR-01-22	1	H06		
SRR30283499	GAGTG	P01	MB1-66-22	1	H07		
SRR30283029	GGACGT	P01	MB1-28-22	1	H08		
SRR30282745	GTAGCCTA	P01	MB1-33-22	1	H09		
SRR30283438	TGTGTT	P01	MB1-09-22	1	H10		
SRR30283546	GTTGTGG	P01	MB1-56-22	1	H11		
SRR30283108	CGTTGC	P01	MB1-65-22	1	H12		
SRR30282776	TGCTTCCA	P01	MB1-23-22	1	A01		
SRR30283119	CATACCAC	P01	MB1-64-22	1	A02		
SRR30283018	TTAGA	P01	MB1-29-22	1	A03		
SRR30282994	GAATCGTG	P01	MB1-34-22	1	A04		
SRR30283409	CCTATGG	P01	MB1-13-22	1	A05		
SRR30282759	CTCTT	P01	MB1-26-22	1	A06		
SRR30283426	ATCTG	P01	MB1-10-22	1	A07		
SRR30283170	ATACGC	P01	MB1-45-22	1	A08		
SRR30282787	TCGAACCT	P01	MB1-22-22	1	A09		
SRR30283303	ATCGCTT	P01	MB1-08-22	1	A10		
SRR30283557	TCAAGC	P01	MB1-55-22	1	A11		
SRR30282770	AGTCTTCG	P01	MB1-25-22	1	A12		
SRR30282756	CACCTTAC	P01	MB1-32-22	1	B01		
SRR30283201	CCTAGA	P01	MB1-35-22	1	B02		
SRR30283041	TCCGTCT	P01	MB1-24-22	1	B03		
SRR30283213	AATGGACG	P01	MB1-31-22	1	B04		
SRR30283006	CATGAAG	P01	MB1-30-22	1	B05		
SRR30283278	GACGTG	P01	MB1-16-22	1	B06		
SRR30283568	CGGAACA	P01	MB1-54-22	1	B07		
SRR30283310	TAGCGA	P01	MB1-03-22	1	B08		
SRR30283236	CTCGACTT	P01	MB1-27-22	1	B09		
SRR30282913	AGTAGGCA	P01	MB1-73-22	1	B10		
SRR30282971	GAGAGT	P01	MB1-39-22	1	B11		
SRR30282916	GTGTTAC	P01	MB1-70-22	1	B12		
SRR30282832	ATGCGCTA	P01	MB1-05-22	1	C01		
SRR30282689	GTTGCT	P01	MB1-51-22	1	C02		
SRR30264175	CTCGTAAG	P01	MB1-47	1	C03		
SRR30282893	GGAATACG	P01	MB1-91-22	1	C04		
SRR30282931	AGATTGG	P01	MB1-44-22	1	C05		
SRR30264177	TGTGCGTT	P01	MB1-45	1	C06		
SRR30282953	TTGGTGAG	P01	MB1-42-22	1	C07		
SRR30264180	TGAGCTAG	P01	MB1-43	1	C08		
SRR30282821	CGACTTG	P01	MB1-06-22	1	C09		
SRR30264179	TGAGTGGA	P01	MB1-44	1	C10		
SRR30283058	GCTTCA	P01	MB1-21-22	1	C11		
SRR30282911	AAGGTTC	P01	MB1-75-22	1	C12		
SRR30282810	AAGGCGTT	P01	MB1-07-22	1	D01		
SRR30282982	TACGACC	P01	MB1-38-22	1	D02		
SRR30264188	GGTCT	P01	MB1-35	1	D03		
SRR30282915	GTTCGAG	P01	MB1-71-22	1	D04		
SRR30264183	CCATC	P01	MB1-40	1	D05		
SRR30282712	GAGCA	P01	MB1-49-22	1	D06		
SRR30264187	TGGATG	P01	MB1-36	1	D07		
SRR30283187	AAGCTA	P01	MB2-27-22	1	D08		
SRR30283180	CGAATG	P01	MB2-9-22	1	D09		
SRR30282973	TATTCCGG	P01	MB2-10-22	1	D10		
SRR30282965	AGTGA	P01	MB2-17-22	1	D11		
SRR30282954	TCCGA	P01	MB2-26-22	1	D12		
SRR30283181	GGACAT	P01	MB2-8-22	1	E01		
SRR30282956	TGGCT	P01	MB2-24-22	1	E02		
SRR30282955	GCGCATA	P01	MB2-25-22	1	E03		
SRR30282970	ATGTCGA	P01	MB2-12-22	1	E04		
SRR30283185	GCGATAGT	P01	MB2-29-22	1	E05		
SRR30282972	ATGCATGG	P01	MB2-11-22	1	E06		
SRR30283184	GTAGT	P01	MB2-6-22	1	E07		
SRR30282969	GACGTT	P01	MB2-13-22	1	E08		
SRR30282975	CCTCATCT	P01	MB2-04-22	1	E09		
SRR30282964	TGTGTGT	P01	MB2-18-22	1	E10		
SRR30282976	GATAGGCT	P01	MB2-03-22	1	E11		
SRR30282978	TGTTAGGC	P01	MB2-01-22	1	E12		
SRR30282974	TGCAACAC	P01	MB2-05-22	1	F01		
SRR30282961	TAGCCA	P01	MB2-21-22	1	F02		
SRR30282967	GCCACA	P01	MB2-15-22	1	F03		
SRR30282957	AGCAATG	P01	MB2-23-22	1	F04		
SRR30283186	AGGAGT	P01	MB2-28-22	1	F05		
SRR30264712	GATACGT	P01	MB2a-20	1	F06		
SRR30282958	ATCGTA	P01	MB2-22-22	1	F07		
SRR30283177	TGAGAC	P01	MB2b-3-22	1	F08		
SRR30263929	CATGAGGT	P01	MB2b-1	1	F09		
SRR30277115	ATCCT	P01	AUB-10-22	1	F10		
SRR30277485	ACTTGT	P01	AUB-02-22	1	F11		
SRR30277740	GAAGTTG	P01	AUB-05-22	1	F12		
SRR30277823	TACAAC	P01	AUB-07-22	1	G01		
SRR30277391	ACCACCA	P01	AUB-04-22	1	G02		
SRR30264536	TACCGTAG	P01	AUB-10	1	G03		
SRR30264237	GTAGCCTA	P01	AUB-11	1	G04		
SRR30264676	TGTGTT	P01	AUB-6	1	G05		
SRR30277116	GTTGTGG	P01	AUB-01-22	1	G06		
SRR30264707	TCGAACCT	P01	AUB-5	1	G07		
SRR30277438	ATCGCTT	P01	AUB-03-22	1	G08		
SRR30264645	TCAAGC	P01	AUB-7	1	G09		
SRR30264238	CTCGACTT	P01	AUB-2	1	G10		
SRR30277664	AGTAGGCA	P01	AUB-08-22	1	G11		
SRR30263755	GAGAGT	P01	AUB-15	1	G12		
SRR30277117	CGACTTG	P01	AUB-01-212	1	H01		
SRR30264497	TGAGTGGA	P01	AUB-3	1	H02		
SRR30264038	GCTTCA	P01	AUB-16	1	H03		
SRR30264311	CGAATG	P01	AUB-9	1	H04		
SRR30263766	TATTCCGG	P01	AUB-14	1	H05		
SRR30277525	AGTGA	P01	AUB-17-212	1	H06		
SRR30277098	CCTCATCT	P01	AUB-9-22	1	H07		
SRR30277104	TGTGTGT	P01	AUB-12-212	1	H08		
